pair	unweighted	weighted
BT.GV	0.133169 0.418516
BT.SB	0.141263 0.434101
BT.ST	0.141597 0.419818
GV.SB	0.184470 0.519595
GV.ST	0.154672 0.487746
SB.ST	0.117760 0.328413
