group,weighted,unweighted,dxy,fst
BT-GV,0.418516,0.133169,0.2526437898012184,0.28793094486480403
BT-SB,0.434101,0.141263,0.3026923983823707,0.3249845880291632
BT-ST,0.419818,0.141597,0.3068235883690369,0.3293109377676586
GV-SB,0.519595,0.18447,0.3213780666739574,0.44929496451289397
GV-ST,0.487746,0.154672,0.3252469480745673,0.44848417865198487
SB-ST,0.328413,0.11776,0.13523327793059312,0.1951762103833755
