ymin	lower	middle	upper	ymax	pair
-0.041231211078834866	0.041176470588235294	0.07339449541284404	0.19435215946843853	0.42409346995878555	BT.GV
-0.04909498933117504	0.045317220543806644	0.08290155440414507	0.21362229102167182	0.4660637154868438	BT.SB
-0.03594747002539898	0.05555555555555555	0.0813953488372093	0.1990521327014218	0.4142918692681726	BT.ST
-0.05625999856484979	0.0819672131147541	0.11328125	0.25710900473933646	0.5198059822150364	GV.SB
-0.04287305454133932	0.059701492537313425	0.08278145695364238	0.2053291536050157	0.42376521116678595	GV.ST
-0.054678829403442895	0.05660377358490567	0.0784313725490196	0.14956331877729256	0.289002557544757	SB.ST
