shared	weighted	unweighted
shared	0.3833909231578919	0.12505434386950479
unshared	0.4581922773721989	0.15565641248885867
