ymin	lower	middle	upper	ymax
-0.054678829403442895	0.05	0.07692307692307691	0.16837606837606836	0.34593724859211583
-0.05625999856484979	0.05964912280701755	0.09226190476190477	0.21768707482993196	0.4547427776558948
