pair	unweighted	weighted
BT.GV	0.045341 0.472188
BT.SB	0.044032 0.481664
BT.ST	0.050471 0.478159
GV.SB	0.077179 0.600893
GV.ST	0.067302 0.612086
SB.ST	0.069468 0.453588
