ymin	lower	middle	upper	ymax
-0.017845003399048265	0.03571428571428571	0.049999999999999996	0.07142857142857142	0.125
-0.01627677100494234	0.038461538461538464	0.05555555555555555	0.075	0.12980484920165583
