shared	weighted	unweighted
shared	0.4668856978631738	0.05464250064437011
unshared	0.524257046206044	0.057750512609177206
