pair	unweighted	weighted
BT.GV	0.171374 0.301628
BT.SB	0.168945 0.315919
BT.ST	0.174381 0.337568
GV.SB	0.196210 0.355405
GV.ST	0.192595 0.361644
SB.ST	0.177007 0.335641
