group,weighted,unweighted,fst,dxy
BT-GV,0.301628,0.171374,0.15957164784617048,0.2174392983135898
BT-SB,0.315919,0.168945,0.15436266105633803,0.2369037634918346
BT-ST,0.337568,0.174381,0.2735226598470278,0.24853254301228428
GV-SB,0.355405,0.19621,0.21567368962780223,0.24472378457887814
GV-ST,0.361644,0.192595,0.3123573475784486,0.25446861517281455
SB-ST,0.335641,0.177007,0.2501297118954839,0.21254515195351184
