ymin	lower	middle	upper	ymax	pair
-0.05962581987046819	0.09482758620689656	0.16238159675236807	0.2659574468085106	0.5226462216610737	BT.GV
-0.076922699999755	0.0849673202614379	0.13675213675213677	0.27571115973741794	0.5617941998602376	BT.SB
-0.08151287277696527	0.09398496240601503	0.1407456516652367	0.2701639344262295	0.5344312961747708	BT.ST
-0.059627756406560185	0.09523809523809523	0.1881918819188192	0.31918997107039543	0.655078951111954	GV.SB
-0.06666473246342543	0.12208258527827648	0.18557536466774716	0.29341825902335456	0.5503855754438791	GV.ST
-0.08151287277696527	0.09606986899563318	0.14040728831725618	0.2757715036112935	0.545254216610242	SB.ST
