shared	weighted	unweighted
shared	0.31787259344632957	0.1738512762801559
unshared	0.34271105599858914	0.18413490709248345
