ymin	lower	middle	upper	ymax
-0.08151287277696527	0.09539473684210525	0.151394422310757	0.26742763962494903	0.5254620407168751
-0.08151287277696527	0.0925925925925926	0.16835016835016836	0.2880763116057234	0.5812885237845979
