pair	unweighted	weighted
BT.GV	0.090380 0.320402
BT.SB	0.072850 0.319976
BT.ST	0.068004 0.351751
GV.SB	0.060692 0.398887
GV.ST	0.065179 0.392150
SB.ST	0.092277 0.370592
