ymin	lower	middle	upper	ymax
0.018292682926829267	0.07142857142857142	0.09047619047619047	0.10685249709639953	0.1599882720875684
-0.023491552695092517	0.041666666666666664	0.06306306306306306	0.0851063829787234	0.1502659574468085
