shared	weighted	unweighted
shared	0.3455740088593818	0.08600785929503023
unshared	0.361957972419805	0.06511385212089249
